Workbook

Sheet EXCEL课件
A9: 一、 | B9: 制作双向条形图
B11: 1、设置主次坐标轴
B13: 2、设置条形图方向
B15: 3、设置图表背景
A19: 二、 | B19: 制作甘特图
B21: 1、制作普通甘特图
B23: 2、制作动态甘特图

Sheet 图表1
B1: 出口 | C1: 内销
A2: 2011年 | B2: 0.32 | C2: =1-B2 -> 0.68
A3: 2010年 | B3: 0.55 | C3: =1-B3 -> 0.45
A4: 2009年 | B4: 0.6 | C4: =1-B4 -> 0.4
A5: 2008年 | B5: 0.73 | C5: =1-B5 -> 0.27
A6: 2007年 | B6: 0.82 | C6: =1-B6 -> 0.18
A7: 2006年 | B7: 0.76 | C7: =1-B7 -> 0.24

Sheet 图表2
B1: 计划开始日 | C1: 天数
A2: 项目确定 | B2: 41760 | C2: 5
A3: 问卷设计 | B3: 41763 | C3: 3
A4: 试访 | B4: 41765 | C4: 3
A5: 问卷确定 | B5: 41767 | C5: 1
A6: 实地执行 | B6: 41768 | C6: 10
A7: 数据录入 | B7: 41778 | C7: 5
A8: 数据分析 | B8: 41782 | C8: 3 | F8: 7
A9: 报告提交 | B9: 41785 | C9: 5
B11: 41760
B12: =41785+C9 -> 41790

Sheet 图表3
B1: 计划开始日 | C1: 天数 | E1: 已完成 | F1: 未完成
A2: 项目确定 | B2: 41760 | C2: 5 | E2: =IF($C$11<B2,0,IF($C$11>B2+C2,C2,$C$11-B2)) -> 5 | F2: =C2-E2 -> 0
A3: 问卷设计 | B3: 41763 | C3: 3 | E3: =IF($C$11<B3,0,IF($C$11>B3+C3,C3,$C$11-B3)) -> 3 | F3: =C3-E3 -> 0
A4: 试访 | B4: 41765 | C4: 3 | E4: =IF($C$11<B4,0,IF($C$11>B4+C4,C4,$C$11-B4)) -> 3 | F4: =C4-E4 -> 0
A5: 问卷确定 | B5: 41767 | C5: 1 | E5: =IF($C$11<B5,0,IF($C$11>B5+C5,C5,$C$11-B5)) -> 1 | F5: =C5-E5 -> 0
A6: 实地执行 | B6: 41768 | C6: 10 | E6: =IF($C$11<B6,0,IF($C$11>B6+C6,C6,$C$11-B6)) -> 5 | F6: =C6-E6 -> 5
A7: 数据录入 | B7: 41778 | C7: 5 | E7: =IF($C$11<B7,0,IF($C$11>B7+C7,C7,$C$11-B7)) -> 0 | F7: =C7-E7 -> 5
A8: 数据分析 | B8: 41782 | C8: 3 | E8: =IF($C$11<B8,0,IF($C$11>B8+C8,C8,$C$11-B8)) -> 0 | F8: =C8-E8 -> 3
A9: 报告提交 | B9: 41785 | C9: 5 | E9: =IF($C$11<B9,0,IF($C$11>B9+C9,C9,$C$11-B9)) -> 0 | F9: =C9-E9 -> 5
B11: 执行日期 | C11: =41760+D11 -> 41773 | D11: 13
B17: 41760 | C17: 41790

Sheet Sheet1
B1: 计划开始日 | C1: 天数 | E1: 已完成 | F1: 未完成
A2: 项目确定 | B2: 41760 | C2: 5 | E2: =IF($B$12<B2,0,IF($B$12<B2+C2,$B$12-B2,Sheet1!C2)) -> 5 | F2: =C2-E2 -> 0
A3: 问卷设计 | B3: 41763 | C3: 3 | E3: =IF($B$12<B3,0,IF($B$12<B3+C3,$B$12-B3,Sheet1!C3)) -> 3 | F3: =C3-E3 -> 0
A4: 试访 | B4: 41765 | C4: 3 | E4: =IF($B$12<B4,0,IF($B$12<B4+C4,$B$12-B4,Sheet1!C4)) -> 1 | F4: =C4-E4 -> 2
A5: 问卷确定 | B5: 41767 | C5: 1 | E5: =IF($B$12<B5,0,IF($B$12<B5+C5,$B$12-B5,Sheet1!C5)) -> 0 | F5: =C5-E5 -> 1
A6: 实地执行 | B6: 41768 | C6: 10 | E6: =IF($B$12<B6,0,IF($B$12<B6+C6,$B$12-B6,Sheet1!C6)) -> 0 | F6: =C6-E6 -> 10
A7: 数据录入 | B7: 41778 | C7: 5 | E7: =IF($B$12<B7,0,IF($B$12<B7+C7,$B$12-B7,Sheet1!C7)) -> 0 | F7: =C7-E7 -> 5
A8: 数据分析 | B8: 41782 | C8: 3 | E8: =IF($B$12<B8,0,IF($B$12<B8+C8,$B$12-B8,Sheet1!C8)) -> 0 | F8: =C8-E8 -> 3
A9: 报告提交 | B9: 41785 | C9: 5 | E9: =IF($B$12<B9,0,IF($B$12<B9+C9,$B$12-B9,Sheet1!C9)) -> 0 | F9: =C9-E9 -> 5
A12: 执行日期 | B12: =B14+C14 -> 41766
B14: =41760 -> 41760 | C14: 6
B15: 41785 | C15: =B15+5 -> 41790
