Workbook
Name 图片: INDEX(Sheet1!$H:$H,MATCH(Sheet1!$K$1,Sheet1!$D:$D,0))

Sheet EXCEL课件
A9: 一、 | B9: 回顾Vlookup函数
B11: 1、Vlookup函数语法
C12: VLOOKUP(lookup_value,table_array,col_index_num,[range_lookup])
A16: 二、 | B16: Match与Index函数
B18: 1、函数语法
C19: MATCH(lookup_value,lookup_array,[match_type])
C20: INDEX(array,row_num,[column_num])
B23: 2、Match+Index与Vlookup函数比较
B26: 3、使用Match与Vlookup函数嵌套返回多列结果
B29: 4、认识column函数

Sheet 数据源
A1: 客户ID | B1: 公司名称 | C1: 联系人姓名 | D1: 联系人头衔 | E1: 地址 | F1: 城市 | G1: 地区 | H1: 邮政编码 | I1: 国家 | J1: 电话 | K1: 传真
A2: AABBCCD | B2: 三川实业有限公司 | C2: 刘小姐 | D2: 销售代表 | E2: 大崇明路 50 号 | F2: 天津 | G2: 华北 | H2: 343567 | I2: 中国 | J2: (030) 30074321 | K2: (030) 30765452
A3: ANATR | B3: 东南实业 | C3: 王先生 | D3: 物主 | E3: 承德西路 80 号 | F3: 天津 | G3: 华北 | H3: 234575 | I3: 中国 | J3: (030) 35554729 | K3: (030) 35553744
A4: ANTON | B4: 坦森行贸易 | C4: 王炫皓 | D4: 物主 | E4: 黄台北路 780 号 | F4: 石家庄 | G4: 华北 | H4: 985060 | I4: 中国 | J4: (0321) 5553932
A5: AROUT | B5: 国顶有限公司 | C5: 方先生 | D5: 销售代表 | E5: 天府东街 30 号 | F5: 深圳 | G5: 华南 | H5: 890879 | I5: 中国 | J5: (0571) 45557788 | K5: (0571) 45556750
A6: BERGS | B6: 通恒机械 | C6: 黄小姐 | D6: 采购员 | E6: 东园西甲 30 号 | F6: 南京 | G6: 华东 | H6: 798089 | I6: 中国 | J6: (0921) 9123465 | K6: (0921) 55123467
A7: BLAUS | B7: 森通 | C7: 王先生 | D7: 销售代表 | E7: 常保阁东 80 号 | F7: 天津 | G7: 华北 | H7: 787045 | I7: 中国 | J7: (030) 30058460 | K7: (030) 33008924
A8: BLONP | B8: 国皓 | C8: 黄雅玲 | D8: 市场经理 | E8: 广发北路 10 号 | F8: 大连 | G8: 东北 | H8: 565479 | I8: 中国 | J8: (0671) 88601531 | K8: (0671) 88601532
A9: BOLID | B9: 迈多贸易 | C9: 陈先生 | D9: 物主 | E9: 临翠大街 80 号 | F9: 西安 | G9: 西北 | H9: 907987 | I9: 中国 | J9: (091) 85552282 | K9: (091) 85559199
A10: BONAP | B10: 祥通 | C10: 刘先生 | D10: 物主 | E10: 花园东街 90 号 | F10: 重庆 | G10: 西南 | H10: 567690 | I10: 中国 | J10: (078) 91244540 | K10: (078) 91244541
A11: BOTTM | B11: 广通 | C11: 王先生 | D11: 结算经理 | E11: 平谷嘉石大街 38 号 | F11: 重庆 | G11: 西南 | H11: 808059 | I11: 中国 | J11: (078) 95554729 | K11: (078) 95553745
A12: BSBEV | B12: 光明杂志 | C12: 谢丽秋 | D12: 销售代表 | E12: 黄石路 50 号 | F12: 深圳 | G12: 华南 | H12: 760908 | I12: 中国 | J12: (0571) 45551212
A13: CACTU | B13: 威航货运有限公司 | C13: 刘先生 | D13: 销售代理 | E13: 经七纬二路 13 号 | F13: 大连 | G13: 东北 | H13: 120412 | I13: 中国 | J13: (061) 11355555 | K13: (061) 11354892
A14: CENTC | B14: 三捷实业 | C14: 王先生 | D14: 市场经理 | E14: 英雄山路 84 号 | F14: 大连 | G14: 东北 | H14: 130083 | I14: 中国 | J14: (061) 15553392 | K14: (061) 15557293
A15: CHOPS | B15: 浩天旅行社 | C15: 方先生 | D15: 物主 | E15: 白广路 314 号 | F15: 天津 | G15: 华北 | H15: 234254 | I15: 中国 | J15: (030) 30076545
A16: COMMI | B16: 同恒 | C16: 刘先生 | D16: 销售员 | E16: 七一路 37 号 | F16: 天津 | G16: 华北 | H16: 453466 | I16: 中国 | J16: (030) 35557647
A17: CONSH | B17: 万海 | C17: 林小姐 | D17: 销售代表 | E17: 劳动路 23 号 | F17: 厦门 | G17: 华南 | H17: 353467 | I17: 中国 | J17: (071) 45552282 | K17: (071) 45559199
A18: DRACD | B18: 世邦 | C18: 黎先生 | D18: 采购员 | E18: 光明东路 395 号 | F18: 海口 | G18: 华南 | H18: 454748 | I18: 中国 | J18: (0241) 10391231 | K18: (0241) 10594282
A19: DUMON | B19: 迈策船舶 | C19: 王俊元 | D19: 物主 | E19: 沉香街 329 号 | F19: 常州 | G19: 华东 | H19: 565474 | I19: 中国 | J19: (056) 40678888 | K19: (056) 40678989
A20: EASTC | B20: 中通 | C20: 林小姐 | D20: 销售代理 | E20: 光复北路 895 号 | F20: 天津 | G20: 华北 | H20: 809784 | I20: 中国 | J20: (030) 35550297 | K20: (030) 35553373
A21: ERNSH | B21: 正人资源 | C21: 谢小姐 | D21: 销售经理 | E21: 临江东街 62 号 | F21: 深圳 | G21: 华南 | H21: 906853 | I21: 中国 | J21: (0571) 76753425 | K21: (0571) 76753426
A22: FAMIA | B22: 红阳事业 | C22: 王先生 | D22: 市场助理 | E22: 外滩西路 238 号 | F22: 深圳 | G22: 华南 | H22: 687759 | I22: 中国 | J22: (0571) 75559857
A23: FISSA | B23: 嘉元实业 | C23: 刘小姐 | D23: 结算经理 | E23: 东湖大街 28 号 | F23: 天津 | G23: 华北 | H23: 458965 | I23: 中国 | J23: (091) 25559444 | K23: (091) 25555593
A24: FOLIG | B24: 嘉业 | C24: 刘先生 | D24: 助理销售代理 | E24: 经三纬二路 8 号 | F24: 石家庄 | G24: 华北 | H24: 576906 | I24: 中国 | J24: (0321) 20161016 | K24: (0321) 20161017
A25: FOLKO | B25: 五洲信托 | C25: 苏先生 | D25: 物主 | E25: 沿江北路 942 号 | F25: 南京 | G25: 华东 | H25: 876060 | I25: 中国 | J25: (087) 69534671
A26: FRANK | B26: 友恒信托 | C26: 余小姐 | D26: 市场经理 | E26: 经二路 9 号 | F26: 秦皇岛 | G26: 华北 | H26: 500798 | I26: 中国 | J26: (089) 3877310 | K26: (089) 3877451
A27: FRANR | B27: 国银贸易 | C27: 余小姐 | D27: 市场经理 | E27: 辅城街 42 号 | F27: 南京 | G27: 华东 | H27: 546590 | I27: 中国 | J27: (087) 40322121 | K27: (087) 40322120
A28: FRANS | B28: 文成 | C28: 唐小姐 | D28: 销售代表 | E28: 临江街 32 号 | F28: 常州 | G28: 华东 | H28: 820097 | I28: 中国 | J28: (056) 34988260 | K28: (056) 34988261
A29: FURIB | B29: 康浦 | C29: 王先生 | D29: 销售经理 | E29: 授业路 361 号 | F29: 南京 | G29: 华东 | H29: 964532 | I29: 中国 | J29: (087) 43542534 | K29: (087) 43542535
A30: GALED | B30: 东旗 | C30: 王先生 | D30: 市场经理 | E30: 尊石路 238 号 | F30: 深圳 | G30: 华南 | H30: 411012 | I30: 中国 | J30: (0571) 20334560 | K30: (0571) 20334561
A31: GODOS | B31: 建资 | C31: 陈先生 | D31: 销售经理 | E31: 广惠东路 38 号 | F31: 张家口 | G31: 华北 | H31: 242353 | I31: 中国 | J31: (0922) 5558282
A32: GOURL | B32: 业兴 | C32: 李柏麟 | D32: 销售员 | E32: 淮河路 348 号 | F32: 上海 | G32: 华东 | H32: 241008 | I32: 中国 | J32: (021) 85559482
A33: GREAL | B33: 仪和贸易 | C33: 王先生 | D33: 市场经理 | E33: 经三纬四路 18 号 | F33: 北京 | G33: 华北 | H33: 120475 | I33: 中国 | J33: (010) 65557555
A34: GROSR | B34: 光远商贸 | C34: 陈先生 | D34: 物主 | E34: 成川东街 951 号 | F34: 天津 | G34: 华北 | H34: 122096 | I34: 中国 | J34: (030) 32832951 | K34: (030) 32833397
A35: HANAR | B35: 实翼 | C35: 谢小姐 | D35: 结算经理 | E35: 永惠西街 392 号 | F35: 南昌 | G35: 华东 | H35: 674674 | I35: 中国 | J35: (0211) 5550091 | K35: (0211) 5558765
A36: HILAA | B36: 远东开发 | C36: 王先生 | D36: 销售代表 | E36: 崇盛路 82 号 | F36: 深圳 | G36: 华南 | H36: 498045 | I36: 中国 | J36: (0571) 75551340 | K36: (0571) 75551948
A37: HUNGC | B37: 五金机械 | C37: 苏先生 | D37: 销售代表 | E37: 德昌路甲 29 号 | F37: 大连 | G37: 东北 | H37: 564576 | I37: 中国 | J37: (053) 5556874 | K37: (053) 5552376
A38: HUNGO | B38: 师大贸易 | C38: 苏先生 | D38: 销售员 | E38: 黄岗北路 73 号 | F38: 天津 | G38: 华北 | H38: 683045 | I38: 中国 | J38: (030) 29672542 | K38: (030) 29673333
A39: ISLAT | B39: 鑫增贸易 | C39: 周先生 | D39: 市场经理 | E39: 东府大街 31 号 | F39: 西安 | G39: 西北 | H39: 502255 | I39: 中国 | J39: (091) 65558888
A40: KOENE | B40: 永业房屋 | C40: 谢丽秋 | D40: 销售员 | E40: 东园大路 78 号 | F40: 重庆 | G40: 西南 | H40: 101057 | I40: 中国 | J40: (025) 55509876
A41: LACOR | B41: 霸力建设 | C41: 谢小姐 | D41: 销售代表 | E41: 东岗大路 9 号 | F41: 重庆 | G41: 西南 | H41: 048766 | I41: 中国 | J41: (025) 30598410 | K41: (025) 30598511
A42: LAMAI | B42: 池春建设 | C42: 王先生 | D42: 销售经理 | E42: 青年南街 291 号 | F42: 天津 | G42: 华北 | H42: 502564 | I42: 中国 | J42: (030) 61776110 | K42: (030) 61776111
A43: LAUGB | B43: 和福建设 | C43: 刘先生 | D43: 市场助理 | E43: 创业西路 238 号 | F43: 天津 | G43: 华北 | H43: 055654 | I43: 中国 | J43: (030) 15553392 | K43: (030) 15557293
A44: LAZYK | B44: 春永建设 | C44: 王先生 | D44: 市场经理 | E44: 劳动辅路 395 号 | F44: 深圳 | G44: 华南 | H44: 013056 | I44: 中国 | J44: (0571) 35557969 | K44: (0571) 35556221
A45: LEHMS | B45: 幸义房屋 | C45: 刘先生 | D45: 销售代表 | E45: 七一路 89 号 | F45: 南京 | G45: 华东 | H45: 167556 | I45: 中国 | J45: (069) 20245984 | K45: (069) 20245874
A46: LETSS | B46: 兴中保险 | C46: 方先生 | D46: 物主 | E46: 豪威西路 238 号 | F46: 厦门 | G46: 华南 | H46: 750165 | I46: 中国 | J46: (0415) 5555938
A47: LILAS | B47: 富泰人寿 | C47: 陈先生 | D47: 结算经理 | E47: 光伦东路 381 号 | F47: 天津 | G47: 华北 | H47: 995085 | I47: 中国 | J47: (030) 33116954 | K47: (030) 33117256
A48: LINOD | B48: 保信人寿 | C48: 方先生 | D48: 物主 | E48: 创业北路 32 号 | F48: 海口 | G48: 华南 | H48: 301256 | I48: 中国 | J48: (0899) 3345612 | K48: (0899) 3349393
A49: LONEP | B49: 正太实业 | C49: 林慧音 | D49: 销售经理 | E49: 花园西街 28 号 | F49: 天津 | G49: 华北 | H49: 440875 | I49: 中国 | J49: (030) 25559573 | K49: (030) 25559646
A50: MAGAA | B50: 阳林 | C50: 刘先生 | D50: 市场经理 | E50: 城东大街 47 号 | F50: 深圳 | G50: 华南 | H50: 801056 | I50: 中国 | J50: (0571) 36402300 | K50: (0571) 36402311
A51: MAISD | B51: 悦海 | C51: 陈玉美 | D51: 销售代理 | E51: 八一路 384 号 | F51: 青岛 | G51: 华东 | H51: 054356 | I51: 中国 | J51: (0217) 2012467 | K51: (0217) 2012468
A52: MEREP | B52: 华科 | C52: 吴小姐 | D52: 市场助理 | E52: 和光北路 952 号 | F52: 大连 | G52: 东北 | H52: 280235 | I52: 中国 | J52: (0514) 5558054 | K52: (0514) 5558055
A53: MORGK | B53: 仲堂企业 | C53: 徐文彬 | D53: 市场助理 | E53: 创业街 57 号 | F53: 天津 | G53: 华北 | H53: 440007 | I53: 中国 | J53: (030) 34202376
A54: NORTS | B54: 富同企业 | C54: 王先生 | D54: 销售员 | E54: 广西路 24 号 | F54: 石家庄 | G54: 华北 | H54: 780008 | I54: 中国 | J54: (031) 5557733 | K54: (031) 555-2530
A55: OCEAN | B55: 利合材料 | C55: 陈先生 | D55: 销售代理 | E55: 东临大街 32 号 | F55: 秦皇岛 | G55: 华北 | H55: 780005 | I55: 中国 | J55: (0117) 1355333 | K55: (0117) 1355535
A56: OLDWO | B56: 瑞栈工艺 | C56: 苏先生 | D56: 销售代表 | E56: 创业路 361 号 | F56: 南京 | G56: 华东 | H56: 825777 | I56: 中国 | J56: (097) 5557584 | K56: (097) 555-2880
A57: OTTIK | B57: 一诠精密工业 | C57: 刘先生 | D57: 物主 | E57: 基石路 238 号 | F57: 深圳 | G57: 华南 | H57: 687578 | I57: 中国 | J57: (0571) 10644327 | K57: (0571) 10765721
A58: PARIS | B58: 立日股份有限公司 | C58: 李柏麟 | D58: 物主 | E58: 惠安大路 38 号 | F58: 石家庄 | G58: 华北 | H58: 502299 | I58: 中国 | J58: (031) 4234226 | K58: (031) 4234227
A59: PERIC | B59: 就业广兑 | C59: 唐小姐 | D59: 销售代表 | E59: 淮水路 348 号 | F59: 天津 | G59: 华北 | H59: 786785 | I59: 中国 | J59: (030) 55223745 | K59: (030) 55453745
A60: PICCO | B60: 顶上系统 | C60: 方先生 | D60: 销售经理 | E60: 纬四路 523 号 | F60: 常州 | G60: 华东 | H60: 907077 | I60: 中国 | J60: (056) 6562722 | K60: (056) 6562723
A61: PRINI | B61: 康毅系统 | C61: 林彩瑜 | D61: 销售代表 | E61: 成东大街 951 号 | F61: 张家口 | G61: 华北 | H61: 801070 | I61: 中国 | J61: (019) 3565634
A62: QUEDE | B62: 兰格英语 | C62: 王先生 | D62: 结算经理 | E62: 广安南街 82 号 | F62: 北京 | G62: 华北 | H62: 785678 | I62: 中国 | J62: (010) 65554252 | K62: (010) 65554545
A63: QUEEN | B63: 留学服务中心 | C63: 赵小姐 | D63: 市场助理 | E63: 定成路 92 号 | F63: 北京 | G63: 华北 | H63: 785878 | I63: 中国 | J63: (010) 85551189
A64: QUICK | B64: 高上补习班 | C64: 徐先生 | D64: 结算经理 | E64: 广场路 205 号 | F64: 天津 | G64: 华北 | H64: 787869 | I64: 中国 | J64: (030) 72035188
A65: RANCH | B65: 大东补习班 | C65: 陈小姐 | D65: 销售代表 | E65: 创业东路 38 号 | F65: 深圳 | G65: 华南 | H65: 837207 | I65: 中国 | J65: (0571) 51235555 | K65: (0571) 51235556
A66: RATTC | B66: 学仁贸易 | C66: 余小姐 | D66: 助理销售代表 | E66: 辅城路 601 号 | F66: 温州 | G66: 华东 | H66: 837209 | I66: 中国 | J66: (055) 5555939 | K66: (055) 5553620
A67: REGGC | B67: 建国科技 | C67: 陈先生 | D67: 销售员 | E67: 肥水路 93 号 | F67: 天津 | G67: 华北 | H67: 345256 | I67: 中国 | J67: (030) 52256721 | K67: (030) 52256722
A68: RICAR | B68: 宇欣实业 | C68: 黄雅玲 | D68: 助理销售代理 | E68: 大峪口街 702 号 | F68: 天津 | G68: 华北 | H68: 101046 | I68: 中国 | J68: (030) 45553412
A69: RICSU | B69: 永大企业 | C69: 余小姐 | D69: 销售经理 | E69: 港务口街 29 号 | F69: 南京 | G69: 华东 | H69: 478668 | I69: 中国 | J69: (089) 7034214
A70: ROMEY | B70: 德化食品 | C70: 王先生 | D70: 结算经理 | E70: 劝业路 103 号 | F70: 天津 | G70: 华北 | H70: 871108 | I70: 中国 | J70: (030) 74546200 | K70: (030) 77456210
A71: SANTG | B71: 汉光企管 | C71: 王先生 | D71: 物主 | E71: 成前路 116 号 | F71: 重庆 | G71: 西南 | H71: 027773 | I71: 中国 | J71: (071) 98923542 | K71: (071) 98924744
A72: SAVEA | B72: 大钰贸易 | C72: 胡继尧 | D72: 销售代表 | E72: 冠成园路 321 号 | F72: 重庆 | G72: 西南 | H72: 801023 | I72: 中国 | J72: (071) 85558097
A73: SEVES | B73: 艾德高科技 | C73: 谢小姐 | D73: 销售经理 | E73: 起义路 231 号 | F73: 天津 | G73: 华北 | H73: 013072 | I73: 中国 | J73: (030) 55657717 | K73: (030) 55655646
A74: SIMOB | B74: 百达电子 | C74: 徐文彬 | D74: 物主 | E74: 黄口江路 521 号 | F74: 天津 | G74: 华北 | H74: 972077 | I74: 中国 | J74: (030) 31123456 | K74: (030) 31133557
A75: SPECD | B75: 赐芳股份 | C75: 刘先生 | D75: 市场经理 | E75: 车站东路 831 号 | F75: 厦门 | G75: 华南 | H75: 899453 | I75: 中国 | J75: (0177) 4755601 | K75: (1177) 4755602
A76: SPLIR | B76: 昇昕股份有限公司 | C76: 谢小姐 | D76: 销售经理 | E76: 车站南路 721 号 | F76: 深圳 | G76: 华南 | H76: 820077 | I76: 中国 | J76: (0571) 35554680 | K76: (0571) 35556525
A77: SUPRD | B77: 福星制衣厂股份有限公司 | C77: 徐先生 | D77: 结算经理 | E77: 机场东路 951 号 | F77: 天津 | G77: 华北 | H77: 050337 | I77: 中国 | J77: (030) 23672220 | K77: (030) 23672221
A78: THEBI | B78: 上河工业 | C78: 谢小姐 | D78: 市场经理 | E78: 车站路 631 号 | F78: 海口 | G78: 华南 | H78: 013077 | I78: 中国 | J78: (053) 5553612
A79: THECR | B79: 新巨企业 | C79: 成先生 | D79: 市场助理 | E79: 车站西路 391 号 | F79: 成都 | G79: 西南 | H79: 350894 | I79: 中国 | J79: (046) 55565834 | K79: (046) 55568083
A80: TOMSP | B80: 东帝望 | C80: 成先生 | D80: 市场经理 | E80: 起义路甲 921 号 | F80: 青岛 | G80: 华东 | H80: 474747 | I80: 中国 | J80: (0251) 1031259 | K80: (0251) 1035695
A81: TORTU | B81: 协昌妮绒有限公司 | C81: 王先生 | D81: 物主 | E81: 长春路 371 号 | F81: 天津 | G81: 华北 | H81: 507392 | I81: 中国 | J81: (030) 45552933
A82: TRADH | B82: 亚太公司 | C82: 陈先生 | D82: 销售代表 | E82: 石碑路丁 211 号 | F82: 石家庄 | G82: 华北 | H82: 871102 | I82: 中国 | J82: (031) 55562167 | K82: (031) 55562168
A83: TRAIH | B83: 伸格公司 | C83: 林小姐 | D83: 销售员 | E83: 石碑路甲 141 号 | F83: 深圳 | G83: 华南 | H83: 342356 | I83: 中国 | J83: (0571) 55518257 | K83: (0571) 55512174
A84: VAFFE | B84: 中硕贸易 | C84: 苏先生 | D84: 销售经理 | E84: 威成路 321 号 | F84: 深圳 | G84: 华南 | H84: 837206 | I84: 中国 | J84: (0571) 86213243 | K84: (0571) 86223344
A85: VICTE | B85: 千固 | C85: 苏先生 | D85: 销售代理 | E85: 明成西街 471 号 | F85: 秦皇岛 | G85: 华北 | H85: 598018 | I85: 中国 | J85: (071) 8325486 | K85: (071) 8325487
A86: VINET | B86: 山泰企业 | C86: 黎先生 | D86: 结算经理 | E86: 舜井街 561 号 | F86: 天津 | G86: 华北 | H86: 575909 | I86: 中国 | J86: (030) 26471510 | K86: (030) 26471511
A87: WANDK | B87: 凯旋科技 | C87: 方先生 | D87: 销售代表 | E87: 使馆路 371 号 | F87: 天津 | G87: 华北 | H87: 212400 | I87: 中国 | J87: (030) 71100361 | K87: (030) 07115428
A88: WARTH | B88: 升格企业 | C88: 王俊元 | D88: 结算经理 | E88: 黄池路 931 号 | F88: 石家庄 | G88: 华北 | H88: 974030 | I88: 中国 | J88: (031) 9814655 | K88: (031) 9813655
A89: WELLI | B89: 凯诚国际顾问公司 | C89: 刘先生 | D89: 销售经理 | E89: 威刚街 481 号 | F89: 深圳 | G89: 华南 | H89: 175600 | I89: 中国 | J89: (0571) 35558122
A90: WHITC | B90: 椅天文化事业 | C90: 方先生 | D90: 物主 | E90: 花园西路 831 号 | F90: 常州 | G90: 华东 | H90: 860954 | I90: 中国 | J90: (026) 5554112
A91: WILMK | B91: 志远有限公司 | C91: 王小姐 | D91: 物主/市场助理 | E91: 光明北路 211 号 | F91: 张家口 | G91: 华北 | H91: 411019 | I91: 中国 | J91: (023) 9022458 | K91: (023) 9022458
A92: WOLZA | B92: 汉典电机 | C92: 刘先生 | D92: 物主 | E92: 潼关路 41 号 | F92: 天津 | G92: 华北 | H92: 421008 | I92: 中国 | J92: (030) 56427012 | K92: (030) 56427012

Sheet 查询
A1: 客户ID | B1: 公司名称
A2: CHOPS | B2: =VLOOKUP(A2,数据源!A:B,2,0) -> 浩天旅行社
A3: ERNSH | B3: =VLOOKUP(A3,数据源!A:B,2,0) -> 正人资源
A4: HANAR | B4: =VLOOKUP(A4,数据源!A:B,2,0) -> 实翼
A5: ANTON | B5: =VLOOKUP(A5,数据源!A:B,2,0) -> 坦森行贸易
A6: LAUGB | B6: =VLOOKUP(A6,数据源!A:B,2,0) -> 和福建设
A7: LAZYK | B7: =VLOOKUP(A7,数据源!A:B,2,0) -> 春永建设
A8: LEHMS | B8: =VLOOKUP(A8,数据源!A:B,2,0) -> 幸义房屋
A9: LETSS | B9: =VLOOKUP(A9,数据源!A:B,2,0) -> 兴中保险
A10: LILAS | B10: =VLOOKUP(A10,数据源!A:B,2,0) -> 富泰人寿
A11: LINOD | B11: =VLOOKUP(A11,数据源!A:B,2,0) -> 保信人寿
A12: OTTIK | B12: =VLOOKUP(A12,数据源!A:B,2,0) -> 一诠精密工业
A13: PARIS | B13: =VLOOKUP(A13,数据源!A:B,2,0) -> 立日股份有限公司
... A15: SUPRD | B15: =VLOOKUP(A15,数据源!A:B,2,0) -> 福星制衣厂股份有限公司

Sheet 查询2
A1: 公司名称 | B1: 客户ID
A2: 浩天旅行社 | B2: =INDEX(数据源!A:A,MATCH(查询2!A2,数据源!B:B,0),0) -> CHOPS
A3: 正人资源 | B3: =INDEX(数据源!A:A,MATCH(查询2!A3,数据源!B:B,0),0) -> ERNSH
A4: 实翼 | B4: =INDEX(数据源!A:A,MATCH(查询2!A4,数据源!B:B,0),0) -> HANAR
A5: 坦森行贸易 | B5: =INDEX(数据源!A:A,MATCH(查询2!A5,数据源!B:B,0),0) -> ANTON
A6: 和福建设 | B6: =INDEX(数据源!A:A,MATCH(查询2!A6,数据源!B:B,0),0) -> LAUGB
A7: 春永建设 | B7: =INDEX(数据源!A:A,MATCH(查询2!A7,数据源!B:B,0),0) -> LAZYK
A8: 幸义房屋 | B8: =INDEX(数据源!A:A,MATCH(查询2!A8,数据源!B:B,0),0) -> LEHMS
A9: 兴中保险 | B9: =INDEX(数据源!A:A,MATCH(查询2!A9,数据源!B:B,0),0) -> LETSS
A10: 富泰人寿 | B10: =INDEX(数据源!A:A,MATCH(查询2!A10,数据源!B:B,0),0) -> LILAS
A11: 保信人寿 | B11: =INDEX(数据源!A:A,MATCH(查询2!A11,数据源!B:B,0),0) -> LINOD
A12: 一诠精密工业 | B12: =INDEX(数据源!A:A,MATCH(查询2!A12,数据源!B:B,0),0) -> OTTIK
A13: 立日股份有限公司 | B13: =INDEX(数据源!A:A,MATCH(查询2!A13,数据源!B:B,0),0) -> PARIS
... A15: 福星制衣厂股份有限公司 | B15: =INDEX(数据源!A:A,MATCH(查询2!A15,数据源!B:B,0),0) -> SUPRD

Sheet 单元格引用原理
B1: 1 | C1: 2 | D1: 3 | E1: 4 | F1: 5 | G1: 6 | H1: 7 | I1: 8 | J1: 9
A2: 1 | B2: =$A2*B$1 -> 1 | C2: =$A2*C$1 -> 2 | D2: =$A2*D$1 -> 3 | E2: =$A2*E$1 -> 4 | F2: =$A2*F$1 -> 5 | G2: =$A2*G$1 -> 6 | H2: =$A2*H$1 -> 7 | I2: =$A2*I$1 -> 8 | J2: =$A2*J$1 -> 9
A3: 2 | B3: =$A3*B$1 -> 2 | C3: =$A3*C$1 -> 4 | D3: =$A3*D$1 -> 6 | E3: =$A3*E$1 -> 8 | F3: =$A3*F$1 -> 10 | G3: =$A3*G$1 -> 12 | H3: =$A3*H$1 -> 14 | I3: =$A3*I$1 -> 16 | J3: =$A3*J$1 -> 18
A4: 3 | B4: =$A4*B$1 -> 3 | C4: =$A4*C$1 -> 6 | D4: =$A4*D$1 -> 9 | E4: =$A4*E$1 -> 12 | F4: =$A4*F$1 -> 15 | G4: =$A4*G$1 -> 18 | H4: =$A4*H$1 -> 21 | I4: =$A4*I$1 -> 24 | J4: =$A4*J$1 -> 27
A5: 4 | B5: =$A5*B$1 -> 4 | C5: =$A5*C$1 -> 8 | D5: =$A5*D$1 -> 12 | E5: =$A5*E$1 -> 16 | F5: =$A5*F$1 -> 20 | G5: =$A5*G$1 -> 24 | H5: =$A5*H$1 -> 28 | I5: =$A5*I$1 -> 32 | J5: =$A5*J$1 -> 36
A6: 5 | B6: =$A6*B$1 -> 5 | C6: =$A6*C$1 -> 10 | D6: =$A6*D$1 -> 15 | E6: =$A6*E$1 -> 20 | F6: =$A6*F$1 -> 25 | G6: =$A6*G$1 -> 30 | H6: =$A6*H$1 -> 35 | I6: =$A6*I$1 -> 40 | J6: =$A6*J$1 -> 45
A7: 6 | B7: =$A7*B$1 -> 6 | C7: =$A7*C$1 -> 12 | D7: =$A7*D$1 -> 18 | E7: =$A7*E$1 -> 24 | F7: =$A7*F$1 -> 30 | G7: =$A7*G$1 -> 36 | H7: =$A7*H$1 -> 42 | I7: =$A7*I$1 -> 48 | J7: =$A7*J$1 -> 54
A8: 7 | B8: =$A8*B$1 -> 7 | C8: =$A8*C$1 -> 14 | D8: =$A8*D$1 -> 21 | E8: =$A8*E$1 -> 28 | F8: =$A8*F$1 -> 35 | G8: =$A8*G$1 -> 42 | H8: =$A8*H$1 -> 49 | I8: =$A8*I$1 -> 56 | J8: =$A8*J$1 -> 63
A9: 8 | B9: =$A9*B$1 -> 8 | C9: =$A9*C$1 -> 16 | D9: =$A9*D$1 -> 24 | E9: =$A9*E$1 -> 32 | F9: =$A9*F$1 -> 40 | G9: =$A9*G$1 -> 48 | H9: =$A9*H$1 -> 56 | I9: =$A9*I$1 -> 64 | J9: =$A9*J$1 -> 72
A10: 9 | B10: =$A10*B$1 -> 9 | C10: =$A10*C$1 -> 18 | D10: =$A10*D$1 -> 27 | E10: =$A10*E$1 -> 36 | F10: =$A10*F$1 -> 45 | G10: =$A10*G$1 -> 54 | H10: =$A10*H$1 -> 63 | I10: =$A10*I$1 -> 72 | J10: =$A10*J$1 -> 81

Sheet 返回多列结果
A2: 客户ID | B2: 公司名称 | C2: 地址 | D2: 联系人姓名 | E2: 电话 | F2: 城市
A3: CHOPS | B3: =VLOOKUP($A3,数据源!$A$1:$K$92,MATCH(返回多列结果!B$2,数据源!$A$1:$K$1,0),0) -> 浩天旅行社 | C3: =VLOOKUP($A3,数据源!$A$1:$K$92,MATCH(返回多列结果!C$2,数据源!$A$1:$K$1,0),0) -> 白广路 314 号 | D3: =VLOOKUP($A3,数据源!$A$1:$K$92,MATCH(返回多列结果!D$2,数据源!$A$1:$K$1,0),0) -> 方先生 | E3: =VLOOKUP($A3,数据源!$A$1:$K$92,MATCH(返回多列结果!E$2,数据源!$A$1:$K$1,0),0) -> (030) 30076545 | F3: =VLOOKUP($A3,数据源!$A$1:$K$92,MATCH(返回多列结果!F$2,数据源!$A$1:$K$1,0),0) -> 天津
A4: ERNSH | B4: =VLOOKUP($A4,数据源!$A$1:$K$92,MATCH(返回多列结果!B$2,数据源!$A$1:$K$1,0),0) -> 正人资源 | C4: =VLOOKUP($A4,数据源!$A$1:$K$92,MATCH(返回多列结果!C$2,数据源!$A$1:$K$1,0),0) -> 临江东街 62 号 | D4: =VLOOKUP($A4,数据源!$A$1:$K$92,MATCH(返回多列结果!D$2,数据源!$A$1:$K$1,0),0) -> 谢小姐 | E4: =VLOOKUP($A4,数据源!$A$1:$K$92,MATCH(返回多列结果!E$2,数据源!$A$1:$K$1,0),0) -> (0571) 76753425 | F4: =VLOOKUP($A4,数据源!$A$1:$K$92,MATCH(返回多列结果!F$2,数据源!$A$1:$K$1,0),0) -> 深圳
A5: HANAR | B5: =VLOOKUP($A5,数据源!$A$1:$K$92,MATCH(返回多列结果!B$2,数据源!$A$1:$K$1,0),0) -> 实翼 | C5: =VLOOKUP($A5,数据源!$A$1:$K$92,MATCH(返回多列结果!C$2,数据源!$A$1:$K$1,0),0) -> 永惠西街 392 号 | D5: =VLOOKUP($A5,数据源!$A$1:$K$92,MATCH(返回多列结果!D$2,数据源!$A$1:$K$1,0),0) -> 谢小姐 | E5: =VLOOKUP($A5,数据源!$A$1:$K$92,MATCH(返回多列结果!E$2,数据源!$A$1:$K$1,0),0) -> (0211) 5550091 | F5: =VLOOKUP($A5,数据源!$A$1:$K$92,MATCH(返回多列结果!F$2,数据源!$A$1:$K$1,0),0) -> 南昌
A6: ANTON | B6: =VLOOKUP($A6,数据源!$A$1:$K$92,MATCH(返回多列结果!B$2,数据源!$A$1:$K$1,0),0) -> 坦森行贸易 | C6: =VLOOKUP($A6,数据源!$A$1:$K$92,MATCH(返回多列结果!C$2,数据源!$A$1:$K$1,0),0) -> 黄台北路 780 号 | D6: =VLOOKUP($A6,数据源!$A$1:$K$92,MATCH(返回多列结果!D$2,数据源!$A$1:$K$1,0),0) -> 王炫皓 | E6: =VLOOKUP($A6,数据源!$A$1:$K$92,MATCH(返回多列结果!E$2,数据源!$A$1:$K$1,0),0) -> (0321) 5553932 | F6: =VLOOKUP($A6,数据源!$A$1:$K$92,MATCH(返回多列结果!F$2,数据源!$A$1:$K$1,0),0) -> 石家庄
A7: LAUGB | B7: =VLOOKUP($A7,数据源!$A$1:$K$92,MATCH(返回多列结果!B$2,数据源!$A$1:$K$1,0),0) -> 和福建设 | C7: =VLOOKUP($A7,数据源!$A$1:$K$92,MATCH(返回多列结果!C$2,数据源!$A$1:$K$1,0),0) -> 创业西路 238 号 | D7: =VLOOKUP($A7,数据源!$A$1:$K$92,MATCH(返回多列结果!D$2,数据源!$A$1:$K$1,0),0) -> 刘先生 | E7: =VLOOKUP($A7,数据源!$A$1:$K$92,MATCH(返回多列结果!E$2,数据源!$A$1:$K$1,0),0) -> (030) 15553392 | F7: =VLOOKUP($A7,数据源!$A$1:$K$92,MATCH(返回多列结果!F$2,数据源!$A$1:$K$1,0),0) -> 天津
A8: LAZYK | B8: =VLOOKUP($A8,数据源!$A$1:$K$92,MATCH(返回多列结果!B$2,数据源!$A$1:$K$1,0),0) -> 春永建设 | C8: =VLOOKUP($A8,数据源!$A$1:$K$92,MATCH(返回多列结果!C$2,数据源!$A$1:$K$1,0),0) -> 劳动辅路 395 号 | D8: =VLOOKUP($A8,数据源!$A$1:$K$92,MATCH(返回多列结果!D$2,数据源!$A$1:$K$1,0),0) -> 王先生 | E8: =VLOOKUP($A8,数据源!$A$1:$K$92,MATCH(返回多列结果!E$2,数据源!$A$1:$K$1,0),0) -> (0571) 35557969 | F8: =VLOOKUP($A8,数据源!$A$1:$K$92,MATCH(返回多列结果!F$2,数据源!$A$1:$K$1,0),0) -> 深圳
A9: LEHMS | B9: =VLOOKUP($A9,数据源!$A$1:$K$92,MATCH(返回多列结果!B$2,数据源!$A$1:$K$1,0),0) -> 幸义房屋 | C9: =VLOOKUP($A9,数据源!$A$1:$K$92,MATCH(返回多列结果!C$2,数据源!$A$1:$K$1,0),0) -> 七一路 89 号 | D9: =VLOOKUP($A9,数据源!$A$1:$K$92,MATCH(返回多列结果!D$2,数据源!$A$1:$K$1,0),0) -> 刘先生 | E9: =VLOOKUP($A9,数据源!$A$1:$K$92,MATCH(返回多列结果!E$2,数据源!$A$1:$K$1,0),0) -> (069) 20245984 | F9: =VLOOKUP($A9,数据源!$A$1:$K$92,MATCH(返回多列结果!F$2,数据源!$A$1:$K$1,0),0) -> 南京

Sheet Sheet1
A1: CHOPS | B1: =VLOOKUP($A1,数据源!$A$1:$K$92,MATCH(返回多列结果!B$2,数据源!$A$1:$K$1,0),0) -> 浩天旅行社 | C1: =VLOOKUP($A1,数据源!$A$1:$K$92,MATCH(返回多列结果!C$2,数据源!$A$1:$K$1,0),0) -> 白广路 314 号 | D1: =VLOOKUP($A1,数据源!$A$1:$K$92,MATCH(返回多列结果!D$2,数据源!$A$1:$K$1,0),0) -> 方先生 | E1: =VLOOKUP($A1,数据源!$A$1:$K$92,MATCH(返回多列结果!E$2,数据源!$A$1:$K$1,0),0) -> (030) 30076545 | F1: =VLOOKUP($A1,数据源!$A$1:$K$92,MATCH(返回多列结果!F$2,数据源!$A$1:$K$1,0),0) -> 天津 | G1: 男 | J1: 姓名 | K1: 谢小姐
A2: ERNSH | B2: =VLOOKUP($A2,数据源!$A$1:$K$92,MATCH(返回多列结果!B$2,数据源!$A$1:$K$1,0),0) -> 正人资源 | C2: =VLOOKUP($A2,数据源!$A$1:$K$92,MATCH(返回多列结果!C$2,数据源!$A$1:$K$1,0),0) -> 临江东街 62 号 | D2: =VLOOKUP($A2,数据源!$A$1:$K$92,MATCH(返回多列结果!D$2,数据源!$A$1:$K$1,0),0) -> 谢小姐 | E2: =VLOOKUP($A2,数据源!$A$1:$K$92,MATCH(返回多列结果!E$2,数据源!$A$1:$K$1,0),0) -> (0571) 76753425 | F2: =VLOOKUP($A2,数据源!$A$1:$K$92,MATCH(返回多列结果!F$2,数据源!$A$1:$K$1,0),0) -> 深圳 | G2: 女 | J2: 性别 | K2: =VLOOKUP(K1,D1:G3,4) -> 女
A3: HANAR | B3: =VLOOKUP($A3,数据源!$A$1:$K$92,MATCH(返回多列结果!B$2,数据源!$A$1:$K$1,0),0) -> 实翼 | C3: =VLOOKUP($A3,数据源!$A$1:$K$92,MATCH(返回多列结果!C$2,数据源!$A$1:$K$1,0),0) -> 永惠西街 392 号 | D3: =VLOOKUP($A3,数据源!$A$1:$K$92,MATCH(返回多列结果!D$2,数据源!$A$1:$K$1,0),0) -> 谢小姐 | E3: =VLOOKUP($A3,数据源!$A$1:$K$92,MATCH(返回多列结果!E$2,数据源!$A$1:$K$1,0),0) -> (0211) 5550091 | F3: =VLOOKUP($A3,数据源!$A$1:$K$92,MATCH(返回多列结果!F$2,数据源!$A$1:$K$1,0),0) -> 南昌 | G3: 女 | J3: 图片 | K3: =VLOOKUP(K1,D1:H3,5) -> 0

Sheet 返回多列结果2
D3: 客户ID | E3: 公司名称 | F3: 联系人姓名 | G3: 联系人头衔 | H3: 地址 | I3: 城市 | J3: 地区
D4: CHOPS | E4: =VLOOKUP($D4,数据源!$A$1:$K$92,COLUMN()-3,0) -> 浩天旅行社 | F4: =VLOOKUP($D4,数据源!$A$1:$K$92,COLUMN()-3,0) -> 方先生 | G4: =VLOOKUP($D4,数据源!$A$1:$K$92,COLUMN()-3,0) -> 物主 | H4: =VLOOKUP($D4,数据源!$A$1:$K$92,COLUMN()-3,0) -> 白广路 314 号 | I4: =VLOOKUP($D4,数据源!$A$1:$K$92,COLUMN()-3,0) -> 天津 | J4: =VLOOKUP($D4,数据源!$A$1:$K$92,COLUMN()-3,0) -> 华北
D5: ERNSH | E5: =VLOOKUP($D5,数据源!$A$1:$K$92,COLUMN()-3,0) -> 正人资源 | F5: =VLOOKUP($D5,数据源!$A$1:$K$92,COLUMN()-3,0) -> 谢小姐 | G5: =VLOOKUP($D5,数据源!$A$1:$K$92,COLUMN()-3,0) -> 销售经理 | H5: =VLOOKUP($D5,数据源!$A$1:$K$92,COLUMN()-3,0) -> 临江东街 62 号 | I5: =VLOOKUP($D5,数据源!$A$1:$K$92,COLUMN()-3,0) -> 深圳 | J5: =VLOOKUP($D5,数据源!$A$1:$K$92,COLUMN()-3,0) -> 华南
D6: HANAR | E6: =VLOOKUP($D6,数据源!$A$1:$K$92,COLUMN()-3,0) -> 实翼 | F6: =VLOOKUP($D6,数据源!$A$1:$K$92,COLUMN()-3,0) -> 谢小姐 | G6: =VLOOKUP($D6,数据源!$A$1:$K$92,COLUMN()-3,0) -> 结算经理 | H6: =VLOOKUP($D6,数据源!$A$1:$K$92,COLUMN()-3,0) -> 永惠西街 392 号 | I6: =VLOOKUP($D6,数据源!$A$1:$K$92,COLUMN()-3,0) -> 南昌 | J6: =VLOOKUP($D6,数据源!$A$1:$K$92,COLUMN()-3,0) -> 华东
D7: ANTON | E7: =VLOOKUP($D7,数据源!$A$1:$K$92,COLUMN()-3,0) -> 坦森行贸易 | F7: =VLOOKUP($D7,数据源!$A$1:$K$92,COLUMN()-3,0) -> 王炫皓 | G7: =VLOOKUP($D7,数据源!$A$1:$K$92,COLUMN()-3,0) -> 物主 | H7: =VLOOKUP($D7,数据源!$A$1:$K$92,COLUMN()-3,0) -> 黄台北路 780 号 | I7: =VLOOKUP($D7,数据源!$A$1:$K$92,COLUMN()-3,0) -> 石家庄 | J7: =VLOOKUP($D7,数据源!$A$1:$K$92,COLUMN()-3,0) -> 华北
D8: LAUGB | E8: =VLOOKUP($D8,数据源!$A$1:$K$92,COLUMN()-3,0) -> 和福建设 | F8: =VLOOKUP($D8,数据源!$A$1:$K$92,COLUMN()-3,0) -> 刘先生 | G8: =VLOOKUP($D8,数据源!$A$1:$K$92,COLUMN()-3,0) -> 市场助理 | H8: =VLOOKUP($D8,数据源!$A$1:$K$92,COLUMN()-3,0) -> 创业西路 238 号 | I8: =VLOOKUP($D8,数据源!$A$1:$K$92,COLUMN()-3,0) -> 天津 | J8: =VLOOKUP($D8,数据源!$A$1:$K$92,COLUMN()-3,0) -> 华北
D9: LAZYK | E9: =VLOOKUP($D9,数据源!$A$1:$K$92,COLUMN()-3,0) -> 春永建设 | F9: =VLOOKUP($D9,数据源!$A$1:$K$92,COLUMN()-3,0) -> 王先生 | G9: =VLOOKUP($D9,数据源!$A$1:$K$92,COLUMN()-3,0) -> 市场经理 | H9: =VLOOKUP($D9,数据源!$A$1:$K$92,COLUMN()-3,0) -> 劳动辅路 395 号 | I9: =VLOOKUP($D9,数据源!$A$1:$K$92,COLUMN()-3,0) -> 深圳 | J9: =VLOOKUP($D9,数据源!$A$1:$K$92,COLUMN()-3,0) -> 华南
D10: LEHMS | E10: =VLOOKUP($D10,数据源!$A$1:$K$92,COLUMN()-3,0) -> 幸义房屋 | F10: =VLOOKUP($D10,数据源!$A$1:$K$92,COLUMN()-3,0) -> 刘先生 | G10: =VLOOKUP($D10,数据源!$A$1:$K$92,COLUMN()-3,0) -> 销售代表 | H10: =VLOOKUP($D10,数据源!$A$1:$K$92,COLUMN()-3,0) -> 七一路 89 号 | I10: =VLOOKUP($D10,数据源!$A$1:$K$92,COLUMN()-3,0) -> 南京 | J10: =VLOOKUP($D10,数据源!$A$1:$K$92,COLUMN()-3,0) -> 华东
